n,k,p_n,growth_avg,entry,factors,runtime_s,timeout
160,-99,259719129538236162353440794965167848909633281908829867871155437965932786856709320106047872491367,0.91562766190209,2077753036305889298827526359721342791277066255270638942969243503727462294853674560848382979930936,"{2: 3, 259719129538236162353440794965167848909633281908829867871155437965932786856709320106047872491367: 1}",149.34480905532837,2.114715814590454
161,-110,2132760865379539843550720083294093845510903985712284287329244387347946478279143118069757824132897,0.9161130928690684,8531043461518159374202880333176375382043615942849137149316977549391785913116572472279031296531588,"{2: 2, 2132760865379539843550720083294093845510903985712284287329244387347946478279143118069757824132897: 1}",15.979414701461792,0.23002266883850098
