n,k,p_n,growth_avg,entry,factors,runtime_s,timeout
160,-99,259719129538236162353440794965167848909633281908829867871155437965932786856709320106047872491367,0.91562766190209,2077753036305889298827526359721342791277066255270638942969243503727462294853674560848382979930936,"{2: 3, 259719129538236162353440794965167848909633281908829867871155437965932786856709320106047872491367: 1}",149.34480905532837,2.114715814590454
161,-110,2132760865379539843550720083294093845510903985712284287329244387347946478279143118069757824132897,0.9161130928690684,8531043461518159374202880333176375382043615942849137149316977549391785913116572472279031296531588,"{2: 2, 2132760865379539843550720083294093845510903985712284287329244387347946478279143118069757824132897: 1}",15.979414701461792,0.23002266883850098
162,-105,423710059610411568175042310090632109969571729182985005771922593523576398307741614341396986486101,0.9165102427758262,33896804768832925454003384807250568797565738334638800461753807481886111864619329147311758918888080,"{2: 4, 5: 1, 423710059610411568175042310090632109969571729182985005771922593523576398307741614341396986486101: 1}",15.919782400131226,0.23002266883850098
163,-62,228957944205068168673642655824858219458565485157062520229761614476045189189257962764979668652933,0.9168489064909222,7326654214562181397556564986395463022674095525026000647352371663233446054056254808479349396893856,"{2: 5, 228957944205068168673642655824858219458565485157062520229761614476045189189257962764979668652933: 1}",15.671939611434937,0.23002266883850098
