n,k,p_n,growth_avg,entry,factors,runtime_s,timeout
160,-99,259719129538236162353440794965167848909633281908829867871155437965932786856709320106047872491367,0.91562766190209,2077753036305889298827526359721342791277066255270638942969243503727462294853674560848382979930936,"{2: 3, 259719129538236162353440794965167848909633281908829867871155437965932786856709320106047872491367: 1}",149.34480905532837,2.114715814590454
